gain,phase,side,dataset,amp_dB,err_amp_dB,log10_fwhm,dlog10_fwhm
-3.1,hermitian,left,exp,-32.31561646429985,0.41557632308932213,1.5672754548978742,0.00802926705723753
-3.1,hermitian,right,exp,-31.1011616845723,0.3567623109998621,1.6036889382422745,0.007854987142653763
8.4,hermitian,left,exp,-14.097996656485932,0.04825488610507378,1.0403358801915812,0.006337004563301067
8.4,hermitian,right,exp,-14.544947406941526,0.05564081301437973,0.9797492428833531,0.007179477919889524
1.4,hermitian,left,exp,-29.221986983004427,0.10126175850873054,1.6181840861976629,0.0040181009052351465
1.4,hermitian,right,exp,-27.87817017899377,0.09997194402082599,1.68594820355254,0.004721232072485821
2.9,hermitian,left,exp,-27.735183545356357,0.06537779876385841,1.6186996249159102,0.0035072913177689505
2.9,hermitian,right,exp,-26.692307218540073,0.086892295654458,1.6893906384613617,0.004461058296580652
3.9,hermitian,left,exp,-26.408836049263336,0.06600896530986589,1.629655239728242,0.0041004698852351714
3.9,hermitian,right,exp,-25.661859014870096,0.09829880888399245,1.6575549795444584,0.004995885896435265
6.4,hermitian,left,exp,-23.851091769963745,0.2909585168066293,1.5688435209692302,0.010309358360526731
6.4,hermitian,right,exp,-21.98612651669078,0.7234678421280663,1.6738073073896425,0.01985708309242019
-0.6,hermitian,left,exp,-30.688098981146954,0.1944353879996008,1.6026468698703646,0.005409546550280616
-0.6,hermitian,right,exp,-29.357862174488965,0.16908321485205136,1.6535268271581918,0.005819967373576115
4.4,hermitian,left,exp,-26.08197845941325,0.07624102066181138,1.6161509248454278,0.004597233147384551
4.4,hermitian,right,exp,-25.00093464497059,0.13030964705010462,1.6685099525530172,0.005925537812750332
0.4,hermitian,left,exp,-30.254616296612188,0.15592879661467762,1.6076213699598447,0.0050194540037538475
0.4,hermitian,right,exp,-28.49317723321622,0.13426786977983696,1.6782384151825287,0.0055102257103670175
-1.1,hermitian,left,exp,-31.03562692515034,0.26296455179099354,1.5979005802220656,0.006906722659396549
-1.1,hermitian,right,exp,-29.49345973045858,0.2210866078351934,1.6405059221479354,0.006989461869776729
7.4,hermitian,left,exp,-18.10082373127733,0.07176448228709376,1.2402955189801075,0.010996216129299364
7.4,hermitian,right,exp,-19.325058543934873,0.09144964887979512,1.1598700926319978,0.0147450156622802
-4.6,hermitian,left,exp,-33.72874354971347,0.5637996286502869,1.559546998975758,0.007841837637160011
-4.6,hermitian,right,exp,-32.014689810828486,0.4577273685916836,1.5941528194570562,0.0066762207486878635
4.9,hermitian,left,exp,-25.533060676673177,0.09330918262864074,1.615422557406865,0.005228787328009157
4.9,hermitian,right,exp,-24.46742574998836,0.1721279150540056,1.6632701024977161,0.0070453677758274425
5.4,hermitian,left,exp,-25.026748653162056,0.12891639115281706,1.6046442681633273,0.006325378069712962
5.4,hermitian,right,exp,-23.75063448319584,0.26999493828621723,1.668298618189705,0.009431836511259234
0.9,hermitian,left,exp,-29.77238459192553,0.12411412875458439,1.6126525943289844,0.004423712580857899
0.9,hermitian,right,exp,-28.191625080283835,0.11331201292507487,1.6826448917062689,0.005020872043824524
5.9,hermitian,left,exp,-24.86486881810829,0.1966037167713992,1.587412121574726,0.0077375953089475905
5.9,hermitian,right,exp,-22.836717616363202,0.4740937375280012,1.6860695886812045,0.0135162047389513
7.9,hermitian,left,exp,-16.218842281428095,0.05637501569460568,1.1362894491312805,0.008142819006244714
7.9,hermitian,right,exp,-17.210976463134692,0.0698230517183589,1.0624659811901407,0.0102398839902676
-0.1,hermitian,left,exp,-30.52964508162401,0.2059019858509501,1.6035421024816796,0.006138684701075342
-0.1,hermitian,right,exp,-28.87397449134541,0.17518823296181907,1.6693162259027157,0.006656886518764383
-1.6,hermitian,left,exp,-31.82872486165475,0.24568809534459035,1.5853424968212582,0.0057461473739974355
-1.6,hermitian,right,exp,-29.664031074183193,0.18942054797683028,1.640547670186002,0.005395401548586224
-4.1,hermitian,left,exp,-34.13994100427122,0.5223014810805964,1.5567560028647838,0.007964312772169297
-4.1,hermitian,right,exp,-31.189702766105892,0.36597290024701934,1.6062800196916676,0.00587998100170654
-3.6,hermitian,left,exp,-33.143533923763115,0.38689914720252006,1.5618431273574835,0.006793522853317262
-3.6,hermitian,right,exp,-31.06146932327787,0.2995342944273993,1.6043025360955903,0.005830515466486382
-2.1,hermitian,left,exp,-32.54903436728217,0.28142151711071506,1.574150165115147,0.006132138237444901
-2.1,hermitian,right,exp,-29.709111616560385,0.19899965900030026,1.6363082574234753,0.005210449179342565
2.4,hermitian,left,exp,-28.283861082615978,0.07307667869480383,1.6133260311906719,0.003588839433975802
2.4,hermitian,right,exp,-27.025482479162058,0.08645673848415569,1.6925039244748337,0.004468381206458318
-2.6,hermitian,left,exp,-32.46617984585132,0.2696002113443541,1.572739801446569,0.005535998411793791
-2.6,hermitian,right,exp,-30.419663755722944,0.20975867005682147,1.6166521231272155,0.004959648583935161
6.9,hermitian,left,exp,-20.452740569694928,0.18324381967468995,1.4766570393486633,0.014843710926386373
6.9,hermitian,right,exp,-21.146509412634337,0.2634330222323449,1.4316367024511423,0.020030919841665395
3.4,hermitian,left,exp,-27.220241556648972,0.05907552438884878,1.615530812567358,0.003456715105270434
3.4,hermitian,right,exp,-26.11435214700404,0.08706845794742435,1.6851373040564757,0.004400120367762339
1.9,hermitian,left,exp,-28.8898960840671,0.08640122049817833,1.6154689610536905,0.0037794746040104884
1.9,hermitian,right,exp,-27.448007611238644,0.09021597621554633,1.6906476329153868,0.004502537106136768
-2.6,nonhermitian,single,exp,-24.678508762322828,0.3470371742034537,1.301029995663981,0.027873371755965926
0.4,nonhermitian,single,exp,-20.09380345888765,0.25135985146801687,1.2521396626506232,0.015149529465546667
-3.1,nonhermitian,single,exp,-25.270846733359285,0.4053250428871422,1.301029995663981,0.03401894510672355
7.9,nonhermitian,single,exp,15.033960659459535,2.7240488033446404,-0.45508653594494664,0.24060801404100166
6.9,nonhermitian,single,exp,15.047137446285612,2.2977601366115987,-0.42066874591610426,0.1966403021574253
-0.1,nonhermitian,single,exp,-21.00142171298545,0.45687315922699057,1.2627679408707575,0.030125975093672326
1.4,nonhermitian,single,exp,-17.621455815632597,0.159512456707251,1.1271037194746407,0.012245331189092318
5.9,nonhermitian,single,exp,15.14355765698692,1.3956055790050623,-0.37119630580286916,0.11325007245348336
-3.6,nonhermitian,single,exp,-25.774459141998683,0.5784101271970101,1.3010284860771846,0.05365954050792038
4.9,nonhermitian,single,exp,13.954605738786583,0.16162793031788247,-0.1463341941617392,0.012865496211271144
-4.1,nonhermitian,single,exp,-26.360251511869638,0.3764043532446699,1.301029995663981,0.03475810083069837
5.4,nonhermitian,single,exp,15.304231251473565,0.7199604208891994,-0.4138932827895728,0.05702748506293951
2.4,nonhermitian,single,exp,-14.507403552790679,0.07171566895917181,1.016228264689153,0.00662174373014126
1.9,nonhermitian,single,exp,-16.352102820762774,0.10904459231156949,1.0726248081526903,0.009403067903599526
-1.6,nonhermitian,single,exp,-23.287520553780894,0.38676392013537964,1.301029995663981,0.0270533702641085
-2.1,nonhermitian,single,exp,-23.94753392032822,0.35651428376415595,1.301029995663981,0.02666249508047047
6.4,nonhermitian,single,exp,15.061749864877946,1.9540130791576011,-0.4123804594702217,0.16391710982071175
3.9,nonhermitian,single,exp,-5.793191475730969,0.03406919759223115,0.6746328745155635,0.004302750555887605
-0.6,nonhermitian,single,exp,-21.827686134736926,0.35365552232032726,1.3010286046350334,0.021184765271977563
3.4,nonhermitian,single,exp,-9.761518293586843,0.033689603671863466,0.8389614944784914,0.004115848725002759
2.9,nonhermitian,single,exp,-12.46164580120377,0.05202128241545445,0.9453734423998534,0.005388757864363131
4.4,nonhermitian,single,exp,1.582917351363394,0.0673069882737094,0.36924050173490375,0.006704323972643965
-1.1,nonhermitian,single,exp,-22.503458335619122,0.3906361780862255,1.3010276708926547,0.02509717036179604
-4.6,nonhermitian,single,exp,-26.830619873153665,0.5073803615219923,1.3010164754804403,0.04950837739741317
8.4,nonhermitian,single,exp,15.095420131429265,3.1180941306324,-0.4705404273993926,0.2832526111708061
0.9,nonhermitian,single,exp,-18.991968231392697,0.16251661501569714,1.1569301861165073,0.013008064046131241
7.4,nonhermitian,single,exp,15.448471077891842,2.5139994946640414,-0.48389290584622263,0.2318049321738806
7.53,hermitian,left,theory,-18.43552515413225,0.08873247827039776,1.3406076677168808,0.012095962502385491
7.53,hermitian,right,theory,-18.15760320040106,0.08721251791806495,1.3621105744664208,0.011501703674152144
-0.7,hermitian,left,theory,-29.302725598562986,0.030957070545774457,1.7359451801657717,0.0010574120756806492
-0.7,hermitian,right,theory,-29.456510196108283,0.030711473508464593,1.7321415710363033,0.0010205382757448348
5.37,hermitian,left,theory,-23.388264506569865,0.13185258807829214,1.680190522880467,0.0051236671571302725
5.37,hermitian,right,theory,-23.461259631114295,0.1176132065454567,1.6795434352057215,0.00480782334730252
4.5,hermitian,left,theory,-24.60663136787654,0.0902239610512261,1.7077538783686441,0.0035720842094976173
4.5,hermitian,right,theory,-24.85434072088575,0.08041600497931967,1.7002865001983591,0.003364483352528995
-3.73,hermitian,left,theory,-31.273795389910223,0.02658247396714941,1.7518517727108318,0.0006496938035495194
-3.73,hermitian,right,theory,-31.4332797794243,0.02676802506884357,1.7488069586407595,0.0006294325208345218
3.2,hermitian,left,theory,-25.979512797339712,0.054829634231683855,1.715266886517599,0.0024475981748165337
3.2,hermitian,right,theory,-26.1925364349743,0.05079498823661055,1.7082776837104225,0.002333460209976916
-1.57,hermitian,left,theory,-29.9165575849959,0.02937220593562273,1.740712890534685,0.0009089500406773
-1.57,hermitian,right,theory,-30.069652755993147,0.029307622647852583,1.737217045487217,0.0008782753675806937
1.03,hermitian,left,theory,-27.944750992694708,0.03607520403522102,1.726184284207683,0.0014796777586120482
1.03,hermitian,right,theory,-28.107865785937,0.03510891316009079,1.7214568907753776,0.0014235207765280014
-4.6,hermitian,left,theory,-31.750696746467888,0.025732693721781885,1.7559038663356796,0.0005769369917746091
-4.6,hermitian,right,theory,-31.913971609262873,0.025974344594537513,1.7529752127829112,0.000559511621039892
2.33,hermitian,left,theory,-26.803723974508785,0.04415299441490106,1.7192018797516182,0.001972734721282587
2.33,hermitian,right,theory,-26.98816463517217,0.04188979119506442,1.713325489241925,0.0018898863678425578
0.17,hermitian,left,theory,-28.646307327802024,0.03306767184529491,1.7310666776771133,0.0012435569190918318
0.17,hermitian,right,theory,-28.802636528128712,0.03254323346240895,1.7268770526554087,0.0011985031477684312
-2.43,hermitian,left,theory,-30.4889207915111,0.028101941247534512,1.745334675226364,0.0007890017662480627
-2.43,hermitian,right,theory,-30.64383252476913,0.028163292814234353,1.7420526888511627,0.0007632034547640441
4.07,hermitian,left,theory,-25.10124554394284,0.07564509332067715,1.712801094598927,0.00312892746461331
4.07,hermitian,right,theory,-25.36618186066992,0.06813918923322859,1.7042928234007195,0.0029584125133112994
6.23,hermitian,left,theory,-22.051568909231317,0.22324355947775487,1.6536759711764906,0.008052716546987101
6.23,hermitian,right,theory,-22.009151279746927,0.2001157623571821,1.656986464176929,0.007472747133545695
-0.27,hermitian,left,theory,-28.97992267198195,0.03193018001037373,1.7335139606467191,0.0011451661979310123
-0.27,hermitian,right,theory,-29.134689755048623,0.031560606727435214,1.7295268810904976,0.0011044870830776363
-2.0,hermitian,left,theory,-30.207682148127482,0.028704731171877995,1.7430517316636494,0.0008458152932282909
-2.0,hermitian,right,theory,-30.36175206847051,0.0287095209418311,1.7396638928033572,0.0008177305125799286
6.67,hermitian,left,theory,-21.332782344140572,0.3057022163893883,1.640177034399988,0.010564686905478238
6.67,hermitian,right,theory,-21.228724937541692,0.27511050939816784,1.6451419174920392,0.00975026893007274
-4.17,hermitian,left,theory,-31.51668942064861,0.026132999994786132,1.753910126780667,0.000611331550672313
-4.17,hermitian,right,theory,-31.67813183543291,0.026348913533183804,1.7509247815383233,0.0005925737744925404
5.8,hermitian,left,theory,-22.73535302122972,0.1689155842390342,1.6669302379651385,0.006356419537415434
5.8,hermitian,right,theory,-22.748664289108564,0.1510026305102663,1.6684642578575815,0.0059354841614605745
8.4,hermitian,left,theory,-16.044609859105353,0.05322397106095522,1.2188768353511785,0.007160525584203716
8.4,hermitian,right,theory,-15.773116961102254,0.05270168753680693,1.2436164608721878,0.00691339716153766
1.9,hermitian,left,theory,-27.19640527782733,0.04074909432208784,1.7214406364674175,0.0017850497599350315
1.9,hermitian,right,theory,-27.371567034262483,0.03904216474224498,1.7160077596394323,0.0017129849809165135
2.77,hermitian,left,theory,-26.398251805896326,0.04867475452274661,1.7171186741259437,0.002190769518096645
2.77,hermitian,right,theory,-26.594936329805705,0.04566356978678243,1.7107277749446208,0.002094303814044039
-2.87,hermitian,left,theory,-30.760318309599537,0.02754945499999195,1.7475598403890313,0.0007377054995894433
-2.87,hermitian,right,theory,-30.91618491233705,0.02765782214007828,1.7443758900956343,0.0007139453151201861
4.93,hermitian,left,theory,-24.012556943314078,0.10636574820399858,1.6936981636815833,0.004205761116359389
4.93,hermitian,right,theory,-24.158866573014656,0.09475779697708475,1.6901953850394398,0.003958122047115385
7.97,hermitian,left,theory,-17.28529268318355,0.06327262411237555,1.2635009104741448,0.009199664851309169
7.97,hermitian,right,theory,-17.00759915883394,0.0625247019293127,1.2877087248506736,0.008799919109451946
-1.13,hermitian,left,theory,-29.615005529370585,0.030114667350488844,1.7383391188305213,0.0009791018571920541
-1.13,hermitian,right,theory,-29.767888741366782,0.02996767850790505,1.7347100463677192,0.0009455220455938517
1.47,hermitian,left,theory,-27.5765877508193,0.03813118430535667,1.7237827802534522,0.0016221039539596246
1.47,hermitian,right,theory,-27.74489261251761,0.03684415246089756,1.7187262978381685,0.0015587612022019714
-3.3,hermitian,left,theory,-31.02199427987829,0.027041616425353965,1.74973056361628,0.000691364817537788
-3.3,hermitian,right,theory,-31.179138294938667,0.027190062190715736,1.746630087373912,0.000669430635552274
3.63,hermitian,left,theory,-25.547222053441715,0.06339139131289784,1.7137693610141587,0.0027542220242342858
3.63,hermitian,right,theory,-25.78222910118552,0.05792950450131684,1.706079467870555,0.002616472051460233
7.1,hermitian,left,theory,-20.57355819453608,0.4313002834309607,1.6261920673138073,0.01451027319969647
7.1,hermitian,right,theory,-20.389882061807818,0.3909838059338213,1.6330386503303733,0.01339248106874286
0.6,hermitian,left,theory,-28.301249245762644,0.034416451443359364,1.7286200345366982,0.0013540796826870026
0.6,hermitian,right,theory,-28.460444832346795,0.03369833477874451,1.7241804026790757,0.0013039486013528782
4.07,nonhermitian,single,theory,-7.234474330820563,0.01722327359159692,0.8449692410568528,0.0020345749704219532
6.23,nonhermitian,single,theory,15.211821554954854,1.8474853517232308,-0.3114010970562384,0.15906760806819742
-1.13,nonhermitian,single,theory,-27.869025224491395,0.13828860433500267,1.301029995663981,0.014923250804371804
-3.3,nonhermitian,single,theory,-31.79842621326676,0.1253046533367197,1.301029995663981,0.017538796940735683
2.33,nonhermitian,single,theory,-18.453822342601384,0.009965549135372953,1.2698467842768326,0.0005186567741853387
0.17,nonhermitian,single,theory,-25.01198312661783,0.13772969537783197,1.301029995663981,0.011747323155062914
-2.0,nonhermitian,single,theory,-29.53768866704962,0.13344450121400442,1.301029995663981,0.016231355960862143
-4.17,nonhermitian,single,theory,-33.184498741740185,0.12033591633596785,1.3010069180518546,0.018139717718955516
5.37,nonhermitian,single,theory,15.35203017747687,1.3731666118685908,-0.3173061746599264,0.11533220382547191
4.5,nonhermitian,single,theory,0.3056743297918759,0.03521080705892876,0.5385032546228059,0.003989524869339546
3.2,nonhermitian,single,theory,-14.28595914850174,0.012775249504363373,1.1183090224126297,0.0008949376779533371
1.03,nonhermitian,single,theory,-22.758671926533466,0.11715698857953072,1.301029995663981,0.008111159781384497
7.53,nonhermitian,single,theory,15.29536697638267,2.414081885564535,-0.3126755057520291,0.21535992528250256
-2.87,nonhermitian,single,theory,-31.071951560919274,0.1279514787289635,1.301029995663981,0.0171658251667786
7.1,nonhermitian,single,theory,15.3180872774456,2.217601829914905,-0.30949241309619385,0.1948233028282555
0.6,nonhermitian,single,theory,-23.929299628492338,0.13119923253387356,1.301029995663981,0.010145249200050884
1.47,nonhermitian,single,theory,-21.47970005237422,0.08975573004082449,1.301029995663981,0.005482805791941388
3.63,nonhermitian,single,theory,-11.370202666829158,0.014425907609222577,1.0072317680276333,0.0012839930359124843
-2.43,nonhermitian,single,theory,-30.319500142741845,0.1306998167623803,1.301029995663981,0.01673583325908092
7.97,nonhermitian,single,theory,15.295154090150893,2.5997635850320098,-0.31767417990601243,0.23436125777630418
4.93,nonhermitian,single,theory,15.34113238981153,1.1045998216327497,-0.3127406641547782,0.09127859608028897
-0.27,nonhermitian,single,theory,-26.02206313418071,0.13999021231859388,1.301029995663981,0.013029218753314059
1.9,nonhermitian,single,theory,-20.064545287168475,0.03839228479422374,1.3010299746671665,0.0020338267919195628
2.77,nonhermitian,single,theory,-16.56560408331707,0.011278715776143144,1.2024880079805482,0.0006655242804027544
-0.7,nonhermitian,single,theory,-26.971330264043594,0.13982022244820413,1.301029995663981,0.014069204944311582
-1.57,nonhermitian,single,theory,-28.72249076402841,0.13604453382431103,1.301029995663981,0.01563425531136015
8.4,nonhermitian,single,theory,15.304629844872249,2.7665664095704443,-0.3171737200036387,0.25193333868216766
-3.73,nonhermitian,single,theory,-32.50179859345121,0.12274404938675332,1.301029995663981,0.017857693283308804
6.67,nonhermitian,single,theory,15.236539405428385,2.059161168135873,-0.31840507522150013,0.17944932420217988
-4.6,nonhermitian,single,theory,-33.84863123834501,0.11804401298383738,1.3010074280681627,0.018380665816536235
5.8,nonhermitian,single,theory,15.370134921467663,1.618683006324872,-0.3304976529271893,0.13792465987775152
